<application>
  <component name="FileTypeManager" version="17">
    <ignoreFiles list="*$py.class;*.hprof;*.pyc;*.pyo;*.rbc;*~;.DS_Store;.git;.hg;.svn;CVS;RCS;SCCS;__pycache__;_svn;rcs;vssver.scc;vssver2.scc;" />
    <extensionMap>
      <mapping ext="toml" type="PLAIN_TEXT" />
      <mapping ext="o" type="PLAIN_TEXT" />
      <mapping ext="pny" type="PLAIN_TEXT" />
      <mapping ext="conf" type="PLAIN_TEXT" />
      <mapping ext="arff" type="PLAIN_TEXT" />
    </extensionMap>
  </component>
</application>