<filetype binary="false" description="Cython files" name="Cython">
  <highlighting>
    <options>
      <option name="LINE_COMMENT" value="#" />
      <option name="COMMENT_START" value="&quot;&quot;&quot;" />
      <option name="COMMENT_END" value="&quot;&quot;&quot;" />
      <option name="HEX_PREFIX" value="" />
      <option name="NUM_POSTFIXES" value="" />
    </options>
    <keywords keywords="None;and;as;break;cdef;cimport;class;cpdef;ctypedef;def;elif;else;for;from;if;import;in;inline;is;not;or;pass;readonly;return;struct;while" ignore_case="false" />
    <keywords2 />
    <keywords3 />
    <keywords4 />
  </highlighting>
  <extensionMap>
    <mapping ext="pyx" />
    <mapping ext="pxd" />
  </extensionMap>
</filetype>